{
    "mu_flt": [
        5278.315792354485,
        0.35182739304297705
    ],
    "sg_flt": [
        15.737077228343479,
        2.046800154998419
    ],
    "al_dscb_1": [
        1.7811067036840689,
        0.2741847123331589
    ],
    "nl_dscb_1": [
        1.8021751502924779,
        0.8718322402097491
    ],
    "ar_dscb_1": [
        2.2541256275886044,
        0.5548458956651521
    ],
    "nr_dscb_1": [
        4.5659373485105785,
        2.9432697040387024
    ]
}