{
    "ncomb": [
        407.24930233026333,
        39.03328295570495
    ],
    "nsignal": [
        2596.7774978473863,
        60.935273576220574
    ],
    "c_exp_1": [
        -0.003764325451261516,
        0.0006414991803647667
    ],
    "mu_flt": [
        5276.331557052083,
        0.556635343493405
    ],
    "sg_flt": [
        23.41274396493364,
        0.5626440692829785
    ]
}