{
    "frc_1": [
        0.5958273608619429,
        0.2388220155434072
    ],
    "frc_2": [
        0.2701662931375507,
        0.07242664307267832
    ],
    "mu_flt": [
        5278.6107723981895,
        0.18637475596589548
    ],
    "sg_flt": [
        16.01701323329253,
        0.19292941355393384
    ],
    "ac_cbr_1": [
        -1.8674531065547932,
        0.1744008062877452
    ],
    "nc_cbr_1": [
        4.999763785923517,
        0.0005000659286965722
    ],
    "ac_cbl_1": [
        1.1020331749379872,
        0.1384680841480916
    ],
    "nc_cbl_1": [
        2.800652780523769,
        0.9682434257579527
    ],
    "ac_cbl_2": [
        3.986083209867753,
        0.16508004193167106
    ],
    "nc_cbl_2": [
        4.963750491683001,
        0.29977026693646747
    ]
}