{
    "ncomb": [
        162.62522870721892,
        23.235313793413756
    ],
    "nsignal": [
        714.3794768454442,
        33.03995270425372
    ],
    "c_exp_1": [
        -0.004439012206775352,
        0.00096805153466752
    ],
    "mu_flt": [
        5275.354487554504,
        1.0134132031968057
    ],
    "sg_flt": [
        21.57228826565309,
        1.0608679598730895
    ]
}