{
    "ncomb": [
        1755.7738993954683,
        69.08415658662982
    ],
    "nsignal": [
        5972.2892583364865,
        94.81010000632695
    ],
    "c_exp_1": [
        -0.001932849132087365,
        0.0002968950772161558
    ],
    "mu_flt": [
        5276.850569489529,
        0.3421330780574806
    ],
    "sg_flt": [
        21.41553401421672,
        0.34778458418675906
    ]
}