{
    "frc_1": [
        0.43453215008639273,
        0.0595317195470397
    ],
    "mu_flt": [
        5278.84434458662,
        0.09972683936872946
    ],
    "sg_flt": [
        16.252175027829644,
        0.0965359146597563
    ],
    "al_dscb_1": [
        1.1952851379808653,
        0.11767283939301282
    ],
    "nl_dscb_1": [
        2.570832291578074,
        0.3634330234488111
    ],
    "ar_dscb_1": [
        1.8519024014912349,
        0.07481910145363714
    ],
    "nr_dscb_1": [
        4.999981767259891,
        2.0723063814314057e-05
    ],
    "ac_cbl_1": [
        5.426919800803062,
        0.0001359632451236423
    ],
    "nc_cbl_1": [
        11.217537863865704,
        3.2896356961512186e-05
    ]
}